{"WETH": 1858.58, "USDC": 1.001, "wstETH": 2072.23, "DAI": 1.0, "cbETH": 1899.83, "USDT": 1.002, "LUSD": 1.01, "LINK": 7.21, "oSQTH": 116.68, "UNI": 5.88, "EUL": 3.46, "WBTC": 28388.0, "1INCH": 0.52374, "RBN": 0.206055, "FTX Token": 1.25, "LDO": 2.4, "agEUR": 1.073, "CVX": 5.32, "CARD": 0.00181485, "FLX": 14.49, "unknown": 702.56, "RAI": 2.76, "STG": 0.792711, "BRIGHT": 0.04682567, "YFI": 8529.12, "AAVE": 75.74, "MATIC": 1.099, "ENS": 12.93, "stETH": 1853.48, "COMP": 42.53, "APE": 4.2, "AXS": 8.44, "SOS": 1.12335e-07, "RNDR": 1.33, "FXS": 8.93, "SHIB": 1.092e-05, "LQTY": 2.2, "CADC": 0.725213, "CRV": 1.003, "MILADY": 3345.41, "rETH": 1983.9, "RAD": 1.84, "FPIS": 2.65, "DYDX": 2.43, "SNX": 2.62, "OGN": 0.127928, "BUSD": 1.002, "SDL": 0.01104222, "WOO": 0.210568, "NMR": 19.07, "NEXO": 0.6673, "FRAX": 1.0, "GTC": 1.83, "wNXM": 26.75, "HMT": 0.050245, "GRT": 0.143327, "BAL": 7.0, "MIM": 1.0, "RPL": 45.32, "BADGER": 2.84, "BANK": 1.38, "VEGA": 1.11, "PUNK": 104755.0, "KP3R": 81.93, "INDEX": 1.81, "REQ": 0.101211, "GFI": 0.603741, "DPI": 80.31, "FLOAT": 0.794927, "SOCKS": 43052.0, "MPL": 4.31, "PERP": 0.784016, "GAMMA": 0.339864, "ELITE": 0, "IDLE": 0.391523, "ENJ": 0.426838, "QSP": 0.01635966, "QNT": 121.58, "IMX": 1.036, "ETH2x-FLI": 12.65, "LRC": 0.351549, "GUSD": 1.002, "UBI": 0.00163829, "OS": 3.65, "CTX": 1.85, "ILV": 58.53, "FNT": 4.444e-05, "DFI": 0.492067, "ANT": 3.09, "cvxCRV": 0.844063, "$TRDL": 0.00396804, "MTA": 0.02802564, "OHM": 10.23, "SSV": 34.93, "IPT": 0.08678, "ALCX": 20.41, "cETH": 37.32}
